mle_id,name,birth_date,gender
MLE-2023-0001,김지훈,1988-03-03,남성
MLE-2023-0002,윤시우,1998-07-09,남성
MLE-2023-0003,송도윤,1995-03-31,남성
MLE-2023-0004,이서연,1984-02-07,여성
MLE-2023-0005,윤현준,1995-07-03,남성
MLE-2023-0006,송지호,1998-01-22,남성
MLE-2023-0007,윤은서,1995-03-21,여성
MLE-2023-0008,김하린,2000-01-28,여성
MLE-2024-0009,신준혁,1988-03-26,남성
MLE-2023-0010,조성현,1989-07-20,남성
MLE-2024-0011,박건우,1984-03-03,남성
MLE-2024-0012,오지원,1987-12-07,여성
MLE-2023-0013,권성민,1984-10-19,남성
MLE-2024-0014,박유진,1988-07-29,여성
MLE-2024-0015,전민서,1997-10-20,여성
MLE-2023-0016,이정우,1987-02-10,남성
MLE-2024-0017,박민주,1987-03-23,여성
MLE-2024-0018,서지후,1992-03-03,남성
MLE-2023-0019,강수아,1989-12-20,여성
MLE-2023-0020,장재현,1997-05-01,남성
MLE-2024-0021,홍동현,1985-11-02,남성
MLE-2023-0022,강현우,1990-07-06,남성
MLE-2023-0023,송지유,1997-05-10,여성
MLE-2023-0024,이지유,2000-06-07,여성
MLE-2023-0025,한건우,1988-01-03,남성
MLE-2023-0026,조재윤,2001-08-28,남성
MLE-2024-0027,조소율,1993-03-13,여성
MLE-2024-0028,권하은,1987-12-10,여성
MLE-2023-0029,윤지훈,1994-08-04,남성
MLE-2024-0030,전다은,1995-02-02,여성
MLE-2024-0031,오지유,1985-02-07,여성
MLE-2023-0032,박하린,1983-01-21,여성
MLE-2024-0033,정동현,1985-08-03,남성
MLE-2024-0034,홍지우,1990-08-19,여성
MLE-2024-0035,홍은서,1993-11-13,여성
MLE-2024-0036,송민주,1982-04-05,여성
MLE-2024-0037,송성현,1987-12-26,남성
MLE-2024-0038,최지민,1991-10-02,여성
MLE-2024-0039,권민준,1998-03-13,남성
MLE-2024-0040,안하린,1986-01-03,여성
MLE-2023-0041,임민규,1996-05-01,남성
MLE-2024-0042,정도현,1999-02-07,남성
MLE-2024-0043,송성현,1993-11-23,남성
MLE-2023-0044,홍준혁,1992-12-16,남성
MLE-2023-0045,최도현,2001-09-16,남성
MLE-2023-0046,윤서윤,1987-05-28,여성
MLE-2023-0047,박지훈,1992-11-25,남성
MLE-2024-0048,송성현,1984-10-27,남성
MLE-2023-0049,황성민,1985-09-14,남성
MLE-2023-0050,안민주,1995-08-10,여성
MLE-2024-0051,조유진,1998-12-10,여성
MLE-2024-0052,임건우,1997-01-24,남성
MLE-2024-0053,권수빈,1992-02-16,여성
MLE-2024-0054,윤주원,1983-06-09,남성
MLE-2024-0055,김예원,1994-06-04,여성
MLE-2024-0056,전주원,1982-02-28,남성
MLE-2024-0057,이주원,1983-07-07,남성
MLE-2024-0058,한도윤,1993-07-13,남성
MLE-2023-0059,장정우,1992-11-20,남성
MLE-2023-0060,송시우,1998-03-23,남성
MLE-2023-0061,윤혜원,1992-08-10,여성
MLE-2023-0062,조서현,1984-03-05,여성
MLE-2023-0063,오다은,1991-03-22,여성
MLE-2023-0064,이아린,1996-08-28,여성
MLE-2024-0065,이건우,1998-05-02,남성
MLE-2023-0066,최지유,1986-04-19,여성
MLE-2023-0067,송현우,1985-02-22,남성
MLE-2023-0068,강윤서,1992-05-17,여성
MLE-2024-0069,박현우,2000-02-15,남성
MLE-2023-0070,이동현,1994-02-15,남성
MLE-2024-0071,박성현,2001-01-13,남성
MLE-2024-0072,강우진,1992-11-22,남성
MLE-2023-0073,조민주,1990-12-30,여성
MLE-2023-0074,강건우,1982-01-18,남성
MLE-2024-0075,장혜원,1999-08-11,여성
MLE-2023-0076,임다은,1997-08-16,여성
MLE-2023-0077,정민서,1988-08-27,여성
MLE-2023-0078,이재윤,1998-07-03,남성
MLE-2024-0079,한서준,1983-02-15,남성
MLE-2023-0080,안민주,1993-11-29,여성
MLE-2024-0081,이현준,1983-10-19,남성
MLE-2024-0082,박승현,1983-07-11,남성
MLE-2024-0083,서예준,2001-12-20,남성
MLE-2023-0084,전승현,1982-11-22,남성
MLE-2024-0085,신정우,1995-02-03,남성
MLE-2024-0086,장민서,1997-01-08,여성
MLE-2024-0087,윤윤서,1990-11-17,여성
MLE-2024-0088,임현우,1989-02-03,남성
MLE-2023-0089,김현우,1995-12-07,남성
MLE-2023-0090,박성민,1986-10-13,남성
MLE-2024-0091,정수아,2001-10-04,여성
MLE-2023-0092,윤도현,1988-05-23,남성
MLE-2024-0093,권민규,1994-03-09,남성
MLE-2023-0094,홍혜원,1996-09-01,여성
MLE-2024-0095,송준서,1996-11-17,남성
MLE-2023-0096,정지후,1984-08-03,남성
MLE-2023-0097,송시우,1988-02-10,남성
MLE-2023-0098,홍민서,1998-02-04,여성
MLE-2023-0099,조아린,1996-03-23,여성
MLE-2023-0100,안예은,1987-08-20,여성
MLE-2024-0101,박동현,1991-07-02,남성
MLE-2023-0102,이서연,1989-06-25,여성
MLE-2024-0103,장하준,1998-08-17,남성
MLE-2024-0104,송유나,1991-08-05,여성
MLE-2023-0105,최도윤,2001-10-22,남성
MLE-2023-0106,송서준,2000-09-20,남성
MLE-2024-0107,전유진,1985-04-28,여성
MLE-2023-0108,정서윤,1988-11-30,여성
MLE-2023-0109,이수아,1986-09-17,여성
MLE-2023-0110,최도현,1999-07-01,남성
MLE-2023-0111,홍채은,1985-06-20,여성
MLE-2023-0112,강태양,2000-03-08,남성
MLE-2024-0113,신민준,1986-01-09,남성
MLE-2023-0114,신혜원,1997-01-09,여성
MLE-2023-0115,장하준,1999-08-30,남성
MLE-2024-0116,서상우,1982-11-14,남성
MLE-2023-0117,윤민서,2000-04-25,여성
MLE-2024-0118,오지민,2000-05-27,여성
MLE-2023-0119,윤민준,1996-10-20,남성
MLE-2024-0120,서준혁,1988-04-01,남성
MLE-2024-0121,장도현,1996-05-22,남성
MLE-2024-0122,송채원,1982-08-15,여성
MLE-2024-0123,장하준,1995-01-09,남성
MLE-2024-0124,이서현,1995-05-20,여성
MLE-2023-0125,오채은,1999-08-22,여성
MLE-2023-0126,신지원,1993-06-21,여성
MLE-2024-0127,서재윤,1986-04-07,남성
MLE-2023-0128,이유나,1991-10-13,여성
MLE-2023-0129,안태양,1994-01-28,남성
MLE-2023-0130,오우진,1983-07-28,남성
MLE-2024-0131,홍채원,1996-11-17,여성
MLE-2023-0132,임현준,1988-12-08,남성
MLE-2024-0133,한지아,1997-08-21,여성
MLE-2024-0134,송하은,1986-04-21,여성
MLE-2023-0135,서아린,1998-10-12,여성
MLE-2024-0136,홍재윤,1988-10-01,남성
MLE-2023-0137,송소현,1982-01-04,여성
MLE-2023-0138,임민서,1991-08-23,여성
MLE-2024-0139,권은서,1991-12-02,여성
MLE-2023-0140,안민재,1999-10-21,남성
MLE-2024-0141,박준서,1993-07-24,남성
MLE-2023-0142,박소현,1998-11-06,여성
MLE-2023-0143,임주원,2000-02-03,남성
MLE-2024-0144,정민준,1983-01-14,남성
MLE-2023-0145,황승현,2001-01-22,남성
MLE-2023-0146,권우진,2001-11-16,남성
MLE-2024-0147,서민재,1990-12-18,남성
MLE-2024-0148,정동현,1997-06-04,남성
MLE-2024-0149,최성현,1991-07-15,남성
MLE-2024-0150,강태양,1997-08-10,남성
MLE-2024-0151,이유진,1987-08-04,여성
MLE-2023-0152,권시우,1999-12-23,남성
MLE-2023-0153,안유진,1995-05-10,여성
MLE-2024-0154,권지원,2000-04-12,여성
MLE-2023-0155,송은서,1985-07-27,여성
MLE-2023-0156,권윤서,1998-11-11,여성
MLE-2023-0157,장성현,1999-06-11,남성
MLE-2023-0158,윤윤서,1991-11-13,여성
MLE-2024-0159,임주원,1988-02-04,남성
MLE-2023-0160,한유진,1983-10-23,여성
MLE-2023-0161,정주원,1990-08-04,남성
MLE-2024-0162,조도윤,1991-04-22,남성
MLE-2024-0163,한유진,1992-06-13,여성
MLE-2023-0164,이민서,2000-09-06,여성
MLE-2023-0165,서하린,1995-02-06,여성
MLE-2024-0166,전건우,1992-09-12,남성
MLE-2023-0167,오준서,1998-11-25,남성
MLE-2023-0168,신유진,1998-10-07,여성
MLE-2023-0169,황주원,1988-02-14,남성
MLE-2024-0170,황서연,1990-09-21,여성
MLE-2023-0171,서채은,1985-09-14,여성
MLE-2024-0172,정지원,1993-12-24,여성
MLE-2023-0173,서재윤,1994-08-29,남성
MLE-2024-0174,박동현,1991-08-13,남성
MLE-2023-0175,권하준,1983-02-16,남성
MLE-2024-0176,서채원,1986-09-30,여성
MLE-2024-0177,한채원,1999-01-27,여성
MLE-2023-0178,장하린,2000-08-29,여성
MLE-2023-0179,장소현,1983-11-02,여성
MLE-2023-0180,김채은,1994-02-05,여성
MLE-2023-0181,오주원,1996-07-31,남성
MLE-2023-0182,이성현,1982-09-12,남성
MLE-2023-0183,조민규,1982-06-16,남성
MLE-2023-0184,윤시우,1992-08-15,남성
MLE-2024-0185,전지호,1992-06-06,남성
MLE-2024-0186,오하윤,1995-08-04,여성
MLE-2023-0187,강준서,1984-06-04,남성
MLE-2023-0188,임재윤,1997-03-11,남성
MLE-2023-0189,서유나,1986-06-13,여성
MLE-2023-0190,전재현,2000-08-18,남성
MLE-2023-0191,최재현,1999-04-30,남성
MLE-2024-0192,홍혜원,1984-09-18,여성
MLE-2024-0193,오성민,1991-08-11,남성
MLE-2024-0194,박수빈,1996-07-10,여성
MLE-2023-0195,김민주,1991-06-04,여성
MLE-2023-0196,최다은,1990-02-15,여성
MLE-2024-0197,정다은,1985-12-13,여성
MLE-2023-0198,홍혜원,1994-01-26,여성
MLE-2023-0199,권다은,2000-07-09,여성
MLE-2024-0200,한민주,1987-07-05,여성
MLE-2023-0201,장현우,1987-06-21,남성
MLE-2023-0202,전지원,1996-12-26,여성
MLE-2023-0203,한서연,1993-02-01,여성
MLE-2024-0204,강예은,1986-10-04,여성
MLE-2023-0205,장채원,1988-04-09,여성
MLE-2024-0206,송서연,1993-08-03,여성
MLE-2023-0207,박주원,1998-02-24,남성
MLE-2024-0208,황유진,1999-01-02,여성
MLE-2023-0209,황동현,1997-12-19,남성
MLE-2023-0210,권혜원,1982-05-22,여성
MLE-2023-0211,임주원,1991-01-26,남성
MLE-2024-0212,임정우,1995-01-17,남성
MLE-2023-0213,황유진,1993-11-28,여성
MLE-2023-0214,신채은,1994-05-06,여성
MLE-2023-0215,오유나,1992-03-06,여성
MLE-2024-0216,임윤서,1987-03-04,여성
MLE-2023-0217,조준혁,1984-09-06,남성
MLE-2023-0218,조지호,1998-07-26,남성
MLE-2023-0219,장채은,1995-03-23,여성
MLE-2024-0220,최소현,1986-05-10,여성
MLE-2023-0221,윤수아,1986-01-09,여성
MLE-2023-0222,김유나,1993-12-24,여성
MLE-2024-0223,장서준,1983-03-23,남성
MLE-2023-0224,정소율,2001-06-24,여성
MLE-2024-0225,최민주,1982-04-11,여성
MLE-2024-0226,황예은,1991-11-18,여성
MLE-2024-0227,강서윤,1987-08-31,여성
MLE-2023-0228,최소현,1983-06-20,여성
MLE-2023-0229,황지우,1994-12-10,여성
MLE-2024-0230,정시우,2000-03-11,남성
MLE-2023-0231,박지유,1984-08-28,여성
MLE-2023-0232,홍지원,1999-09-26,여성
MLE-2024-0233,안건우,1992-02-08,남성
MLE-2024-0234,임민주,1995-03-15,여성
MLE-2023-0235,임예원,1995-12-06,여성
MLE-2024-0236,홍지훈,1984-03-23,남성
MLE-2024-0237,조지후,1996-10-24,남성
MLE-2023-0238,강주원,1985-11-24,남성
MLE-2023-0239,강민준,1991-03-01,남성
MLE-2024-0240,홍예은,1988-07-13,여성
MLE-2024-0241,윤준서,1997-11-09,남성
MLE-2024-0242,권지우,1997-06-02,여성
MLE-2023-0243,장태양,1999-09-30,남성
MLE-2023-0244,신예준,1994-03-20,남성
MLE-2024-0245,정지후,2000-07-16,남성
MLE-2023-0246,박서준,1985-09-21,남성
MLE-2024-0247,홍채은,2000-06-27,여성
MLE-2023-0248,권서현,1992-07-06,여성
MLE-2024-0249,서윤서,1993-03-23,여성
MLE-2024-0250,권지우,1995-06-01,여성
MLE-2024-0251,신지훈,1989-03-25,남성
MLE-2024-0252,김지우,1987-02-19,여성
MLE-2024-0253,장재윤,1982-11-26,남성
MLE-2024-0254,황현준,1996-08-12,남성
MLE-2023-0255,장하윤,1995-02-17,여성
MLE-2024-0256,황지우,1992-07-17,여성
MLE-2023-0257,신채원,1989-03-15,여성
MLE-2024-0258,강준혁,1991-03-27,남성
MLE-2024-0259,임아린,1990-12-25,여성
MLE-2023-0260,권도윤,1989-01-20,남성
MLE-2024-0261,한서현,1999-04-30,여성
MLE-2024-0262,안소현,1982-01-10,여성
MLE-2023-0263,신서윤,1986-03-17,여성
MLE-2024-0264,홍하린,1993-03-07,여성
MLE-2023-0265,이민서,1987-12-28,여성
MLE-2024-0266,임현우,2001-10-03,남성
MLE-2024-0267,최서연,1996-02-18,여성
MLE-2024-0268,강준서,1994-05-10,남성
MLE-2023-0269,송우진,1984-02-03,남성
MLE-2023-0270,최현우,1984-08-20,남성
MLE-2023-0271,황재현,1988-07-18,남성
MLE-2024-0272,신소현,1992-10-27,여성
MLE-2024-0273,윤은서,1994-05-13,여성
MLE-2024-0274,서지호,1995-06-12,남성
MLE-2024-0275,박지후,1999-05-01,남성
MLE-2023-0276,한혜원,1993-05-22,여성
MLE-2023-0277,김지민,1998-04-14,여성
MLE-2024-0278,전예원,1996-10-20,여성
MLE-2023-0279,정은서,1994-01-30,여성
MLE-2024-0280,오채원,1994-05-19,여성
MLE-2024-0281,권채원,2001-07-03,여성
MLE-2024-0282,윤재윤,1990-08-04,남성
MLE-2023-0283,신서준,1989-02-19,남성
MLE-2024-0284,서지아,1996-11-19,여성
MLE-2023-0285,황서준,1984-10-31,남성
MLE-2023-0286,최민주,2000-12-14,여성
MLE-2023-0287,최수빈,1992-04-01,여성
MLE-2024-0288,정우진,2001-07-14,남성
MLE-2023-0289,박민재,1999-07-13,남성
MLE-2024-0290,한지원,1997-07-15,여성
MLE-2024-0291,박민주,1989-05-15,여성
MLE-2023-0292,한소율,1998-02-13,여성
MLE-2024-0293,송서윤,1995-11-07,여성
MLE-2023-0294,윤동현,1997-05-08,남성
MLE-2024-0295,윤채은,1984-01-11,여성
MLE-2024-0296,최하린,1996-03-19,여성
MLE-2024-0297,권하준,1997-07-26,남성
MLE-2023-0298,김서윤,1989-04-11,여성
MLE-2024-0299,임도현,1990-05-29,남성
MLE-2023-0300,정지유,1993-11-30,여성
MLE-2023-0301,전아린,1999-10-11,여성
MLE-2023-0302,강하준,1983-10-09,남성
MLE-2024-0303,홍아린,1987-05-27,여성
MLE-2024-0304,전하은,1987-03-18,여성
MLE-2024-0305,장은서,1987-09-23,여성
MLE-2023-0306,권준서,1997-03-13,남성
MLE-2023-0307,박현우,1989-10-01,남성
MLE-2023-0308,신유나,1987-08-11,여성
MLE-2024-0309,임민서,1990-08-18,여성
MLE-2024-0310,최지유,1990-07-22,여성
MLE-2023-0311,전지민,1997-09-07,여성
MLE-2024-0312,김소현,1996-10-06,여성
MLE-2023-0313,장서연,1994-09-11,여성
MLE-2024-0314,홍지훈,1993-02-21,남성
MLE-2023-0315,윤지원,1999-12-27,여성
MLE-2023-0316,윤소율,1986-04-07,여성
MLE-2024-0317,정소율,1984-03-06,여성
MLE-2023-0318,임태양,1991-11-21,남성
MLE-2023-0319,전도현,1998-06-05,남성
MLE-2023-0320,박준서,1989-04-30,남성
MLE-2023-0321,강민서,1984-12-18,여성
MLE-2023-0322,안수빈,1988-02-11,여성
MLE-2024-0323,장민규,1992-10-22,남성
MLE-2023-0324,한혜원,1984-08-01,여성
MLE-2023-0325,박하은,1998-12-01,여성
MLE-2024-0326,서상우,2000-01-18,남성
MLE-2023-0327,박혜원,1990-11-07,여성
MLE-2023-0328,장성민,1984-10-09,남성
MLE-2023-0329,오아린,1998-10-19,여성
MLE-2023-0330,전지아,2000-06-12,여성
MLE-2023-0331,최아린,1987-03-31,여성
MLE-2024-0332,김지원,2001-10-31,여성
MLE-2023-0333,홍지유,1996-07-11,여성
MLE-2024-0334,권재현,1988-10-11,남성
MLE-2023-0335,최하은,1983-01-07,여성
MLE-2024-0336,임민재,1984-08-09,남성
MLE-2024-0337,윤성민,1985-01-16,남성
MLE-2023-0338,권수아,1997-01-14,여성
MLE-2023-0339,전채은,1998-04-19,여성
MLE-2024-0340,신동현,1984-03-22,남성
MLE-2023-0341,홍다은,1988-04-10,여성
MLE-2024-0342,오지호,1991-12-12,남성
MLE-2024-0343,윤민주,1990-02-19,여성
MLE-2024-0344,오성민,1996-06-18,남성
MLE-2024-0345,이지아,1988-03-10,여성
MLE-2023-0346,최상우,2000-06-26,남성
MLE-2024-0347,박아린,1986-10-04,여성
MLE-2023-0348,이태양,1989-06-25,남성
MLE-2023-0349,정태양,1994-08-31,남성
MLE-2023-0350,박민규,1999-03-01,남성
MLE-2024-0351,전지호,2000-03-27,남성
MLE-2023-0352,한성현,1985-04-23,남성
MLE-2024-0353,장상우,1985-03-31,남성
MLE-2023-0354,송지후,1999-11-29,남성
MLE-2023-0355,최정우,2001-06-07,남성
MLE-2023-0356,정민준,1990-01-13,남성
MLE-2024-0357,전준혁,1982-05-10,남성
MLE-2023-0358,장서준,1984-11-04,남성
MLE-2024-0359,안서현,1998-09-22,여성
MLE-2024-0360,황현우,1999-06-14,남성
MLE-2023-0361,안예원,1984-06-12,여성
MLE-2023-0362,안지유,1995-10-18,여성
MLE-2024-0363,안준서,1992-04-10,남성
MLE-2024-0364,이민재,2001-01-02,남성
MLE-2023-0365,신아린,1984-06-03,여성
MLE-2023-0366,권지우,1983-10-24,여성
MLE-2024-0367,홍하은,1983-06-23,여성
MLE-2023-0368,장승현,1996-03-14,남성
MLE-2024-0369,서지원,1993-11-25,여성
MLE-2024-0370,권수빈,1995-07-31,여성
MLE-2023-0371,최혜원,1997-09-27,여성
MLE-2023-0372,송지훈,2001-05-31,남성
MLE-2023-0373,신현우,2001-12-02,남성
MLE-2024-0374,신준혁,2000-07-23,남성
MLE-2023-0375,서다은,1998-05-13,여성
MLE-2023-0376,한우진,1989-01-04,남성
MLE-2023-0377,오하은,1997-05-28,여성
MLE-2023-0378,박지우,2000-08-27,여성
MLE-2024-0379,박우진,1984-03-02,남성
MLE-2024-0380,정유진,1983-05-07,여성
MLE-2023-0381,최다은,1989-12-06,여성
MLE-2023-0382,이지민,1995-06-20,여성
MLE-2023-0383,오서현,1994-12-18,여성
MLE-2024-0384,정정우,1992-10-25,남성
MLE-2023-0385,최도현,2000-12-17,남성
MLE-2023-0386,최하린,1988-04-01,여성
MLE-2023-0387,신상우,1994-08-01,남성
MLE-2023-0388,홍정우,2000-08-08,남성
MLE-2024-0389,김하윤,1988-02-17,여성
MLE-2023-0390,한수아,1982-02-20,여성
MLE-2024-0391,정재윤,1996-09-28,남성
MLE-2023-0392,박하은,1998-08-15,여성
MLE-2024-0393,박지훈,1993-11-24,남성
MLE-2023-0394,서우진,1992-03-05,남성
MLE-2024-0395,강수아,1988-12-27,여성
MLE-2023-0396,전지원,1983-11-27,여성
MLE-2024-0397,정하준,1998-12-03,남성
MLE-2023-0398,박지후,1991-12-09,남성
MLE-2024-0399,황지원,1991-12-01,여성
MLE-2024-0400,장민서,1998-12-07,여성
